{
    "category": "Metadata",
    "changelog": "\u300c\u30e1\u30c7\u30a3\u30a2\u524a\u9664\u6642\u306bEPGStation\u5074\u306e\u9332\u753b\u60c5\u5831\u3082\u524a\u9664\u3059\u308b\u300d\u30aa\u30d7\u30b7\u30e7\u30f3\u3092\u8ffd\u52a0",
    "description": "Get metadata for video files recorded with EPGStation",
    "guid": "aa93bc86-2b92-4139-aa56-7cc83c282a32",
    "name": "EPGStation",
    "overview": "EPGStation metadata provider",
    "owner": "68fpjc",
    "targetAbi": "10.7.0.0",
    "timestamp": "2022-05-30T11:38:42Z",
    "version": "1.1.0.0"
}